symbol,eps,pe_ratio,book_value,source,pbv,dividend_yield,roe,health_score,grade,eps_score,pe_score,div_score,roe_score,pbv_score,momentum_score,last_updated
65,2.92,9.16,8.75,Merolagani,0.0,0,33.37,48,C,5,20,0,20,0,3,2026-09-21T16:29:31.681181Z
78,3.25,9.2,8.94,Merolagani,0.0,0,36.35,48,C,5,20,0,20,0,3,2026-09-21T16:29:31.681226Z
30,1.42,10.0,10.0,Merolagani,0.0,0,14.2,33,D,5,15,0,10,0,3,2026-09-21T16:29:31.681058Z
43,0.47,8.55,8.26,Merolagani,0.0,0,5.69,33,D,5,20,0,5,0,3,2026-09-21T16:29:31.681101Z
95,0.0,8.65,8.24,Merolagani,0.0,0,,23,D,0,20,0,0,0,3,2026-09-21T16:29:31.681287Z
70,-0.42,11.78,11.5,Merolagani,0.0,0,,18,D,0,15,0,0,0,3,2026-09-21T16:29:31.681196Z
81,-0.24,12.55,12.5,Merolagani,0.0,0,,18,D,0,15,0,0,0,3,2026-09-21T16:29:31.681236Z
1,1.58,896.0,875.0,Merolagani,0.0,0,0.18,8,D,5,0,0,0,0,3,2026-09-21T16:29:31.680933Z
2,1.72,315.0,305.0,Merolagani,0.0,0,0.56,8,D,5,0,0,0,0,3,2026-09-21T16:29:31.680938Z
3,4.47,434.0,378.1,Merolagani,0.0,0,1.18,8,D,5,0,0,0,0,3,2026-09-21T16:29:31.680942Z
4,0.56,271.5,265.0,Merolagani,0.0,0,0.21,8,D,5,0,0,0,0,3,2026-09-21T16:29:31.680947Z
5,1.73,368.0,345.0,Merolagani,0.0,0,0.5,8,D,5,0,0,0,0,3,2026-09-21T16:29:31.680951Z
6,1.93,258.9,252.2,Merolagani,0.0,0,0.77,8,D,5,0,0,0,0,3,2026-09-21T16:29:31.680972Z
8,3.81,434.8,415.0,Merolagani,0.0,0,0.92,8,D,5,0,0,0,0,3,2026-09-21T16:29:31.680979Z
11,0.12,338.8,334.0,Merolagani,0.0,0,0.04,8,D,5,0,0,0,0,3,2026-09-21T16:29:31.680989Z
12,0.85,1067.0,1031.0,Merolagani,0.0,0,0.08,8,D,5,0,0,0,0,3,2026-09-21T16:29:31.680993Z
14,2.45,337.9,325.3,Merolagani,0.0,0,0.75,8,D,5,0,0,0,0,3,2026-09-21T16:29:31.681002Z
15,0.85,4159.9,4051.0,Merolagani,0.0,0,0.02,8,D,5,0,0,0,0,3,2026-09-21T16:29:31.681005Z
16,2.98,313.0,300.0,Merolagani,0.0,0,0.99,8,D,5,0,0,0,0,3,2026-09-21T16:29:31.681009Z
20,1.52,436.0,427.0,Merolagani,0.0,0,0.36,8,D,5,0,0,0,0,3,2026-09-21T16:29:31.681021Z
21,0.09,227.9,216.2,Merolagani,0.0,0,0.04,8,D,5,0,0,0,0,3,2026-09-21T16:29:31.681025Z
22,1.97,470.0,445.0,Merolagani,0.0,0,0.44,8,D,5,0,0,0,0,3,2026-09-21T16:29:31.681028Z
23,1.46,668.0,649.0,Merolagani,0.0,0,0.22,8,D,5,0,0,0,0,3,2026-09-21T16:29:31.681032Z
24,0.57,281.4,275.0,Merolagani,0.0,0,0.21,8,D,5,0,0,0,0,3,2026-09-21T16:29:31.681037Z
25,2.85,14831.0,14400.0,Merolagani,0.0,0,0.02,8,D,5,0,0,0,0,3,2026-09-21T16:29:31.681040Z
26,5.06,12940.0,12200.0,Merolagani,0.0,0,0.04,8,D,5,0,0,0,0,3,2026-09-21T16:29:31.681044Z
27,0.36,1100.6,1100.6,Merolagani,0.0,0,0.03,8,D,5,0,0,0,0,3,2026-09-21T16:29:31.681047Z
28,3.76,701.0,662.0,Merolagani,0.0,0,0.57,8,D,5,0,0,0,0,3,2026-09-21T16:29:31.681051Z
29,0.26,535.0,524.0,Merolagani,0.0,0,0.05,8,D,5,0,0,0,0,3,2026-09-21T16:29:31.681054Z
31,0.32,963.7,957.5,Merolagani,0.0,0,0.03,8,D,5,0,0,0,0,3,2026-09-21T16:29:31.681061Z
32,1.75,587.0,555.0,Merolagani,0.0,0,0.32,8,D,5,0,0,0,0,3,2026-09-21T16:29:31.681065Z
33,0.23,795.0,781.0,Merolagani,0.0,0,0.03,8,D,5,0,0,0,0,3,2026-09-21T16:29:31.681068Z
34,2.98,369.7,354.0,Merolagani,0.0,0,0.84,8,D,5,0,0,0,0,3,2026-09-21T16:29:31.681072Z
35,0.84,2420.0,2331.0,Merolagani,0.0,0,0.04,8,D,5,0,0,0,0,3,2026-09-21T16:29:31.681075Z
37,0.23,1744.0,1700.1,Merolagani,0.0,0,0.01,8,D,5,0,0,0,0,3,2026-09-21T16:29:31.681081Z
38,2.04,357.0,332.0,Merolagani,0.0,0,0.61,8,D,5,0,0,0,0,3,2026-09-21T16:29:31.681085Z
40,1.59,443.0,427.0,Merolagani,0.0,0,0.37,8,D,5,0,0,0,0,3,2026-09-21T16:29:31.681091Z
42,0.45,1155.0,1085.0,Merolagani,0.0,0,0.04,8,D,5,0,0,0,0,3,2026-09-21T16:29:31.681098Z
44,2.19,1530.0,1421.1,Merolagani,0.0,0,0.15,8,D,5,0,0,0,0,3,2026-09-21T16:29:31.681105Z
45,2.45,218.1,205.0,Merolagani,0.0,0,1.2,8,D,5,0,0,0,0,3,2026-09-21T16:29:31.681108Z
46,1.29,867.0,856.0,Merolagani,0.0,0,0.15,8,D,5,0,0,0,0,3,2026-09-21T16:29:31.681112Z
47,1.06,572.0,556.2,Merolagani,0.0,0,0.19,8,D,5,0,0,0,0,3,2026-09-21T16:29:31.681115Z
48,0.22,279.5,273.5,Merolagani,0.0,0,0.08,8,D,5,0,0,0,0,3,2026-09-21T16:29:31.681118Z
50,0.98,311.0,304.0,Merolagani,0.0,0,0.32,8,D,5,0,0,0,0,3,2026-09-21T16:29:31.681125Z
51,0.42,264.9,260.0,Merolagani,0.0,0,0.16,8,D,5,0,0,0,0,3,2026-09-21T16:29:31.681128Z
52,1.45,701.0,687.1,Merolagani,0.0,0,0.21,8,D,5,0,0,0,0,3,2026-09-21T16:29:31.681132Z
53,2.96,1091.0,1091.0,Merolagani,0.0,0,0.27,8,D,5,0,0,0,0,3,2026-09-21T16:29:31.681135Z
55,0.74,585.0,575.0,Merolagani,0.0,0,0.13,8,D,5,0,0,0,0,3,2026-09-21T16:29:31.681142Z
56,0.78,345.0,327.6,Merolagani,0.0,0,0.24,8,D,5,0,0,0,0,3,2026-09-21T16:29:31.681146Z
58,2.19,761.9,731.9,Merolagani,0.0,0,0.3,8,D,5,0,0,0,0,3,2026-09-21T16:29:31.681153Z
59,1.44,915.0,900.0,Merolagani,0.0,0,0.16,8,D,5,0,0,0,0,3,2026-09-21T16:29:31.681157Z
60,0.44,456.0,452.4,Merolagani,0.0,0,0.1,8,D,5,0,0,0,0,3,2026-09-21T16:29:31.681160Z
63,1.05,261.9,257.0,Merolagani,0.0,0,0.41,8,D,5,0,0,0,0,3,2026-09-21T16:29:31.681174Z
66,2.88,685.0,626.1,Merolagani,0.0,0,0.46,8,D,5,0,0,0,0,3,2026-09-21T16:29:31.681184Z
68,0.1,584.0,575.0,Merolagani,0.0,0,0.02,8,D,5,0,0,0,0,3,2026-09-21T16:29:31.681191Z
71,0.31,1152.0,1120.0,Merolagani,0.0,0,0.03,8,D,5,0,0,0,0,3,2026-09-21T16:29:31.681200Z
72,1.77,1751.0,1700.0,Merolagani,0.0,0,0.1,8,D,5,0,0,0,0,3,2026-09-21T16:29:31.681203Z
73,3.6,273.6,251.0,Merolagani,0.0,0,1.43,8,D,5,0,0,0,0,3,2026-09-21T16:29:31.681207Z
74,0.09,1148.0,1090.0,Merolagani,0.0,0,0.01,8,D,5,0,0,0,0,3,2026-09-21T16:29:31.681212Z
75,0.47,429.9,425.4,Merolagani,0.0,0,0.11,8,D,5,0,0,0,0,3,2026-09-21T16:29:31.681215Z
76,3.0,1059.0,970.0,Merolagani,0.0,0,0.31,8,D,5,0,0,0,0,3,2026-09-21T16:29:31.681219Z
77,0.76,1004.0,950.0,Merolagani,0.0,0,0.08,8,D,5,0,0,0,0,3,2026-09-21T16:29:31.681222Z
79,1.59,512.9,505.0,Merolagani,0.0,0,0.31,8,D,5,0,0,0,0,3,2026-09-21T16:29:31.681229Z
80,0.04,498.0,493.0,Merolagani,0.0,0,0.01,8,D,5,0,0,0,0,3,2026-09-21T16:29:31.681233Z
83,1.85,199.5,192.7,Merolagani,0.0,0,0.96,8,D,5,0,0,0,0,3,2026-09-21T16:29:31.681242Z
85,0.58,1232.0,1211.5,Merolagani,0.0,0,0.05,8,D,5,0,0,0,0,3,2026-09-21T16:29:31.681251Z
86,0.31,483.9,472.0,Merolagani,0.0,0,0.07,8,D,5,0,0,0,0,3,2026-09-21T16:29:31.681254Z
87,5.59,322.0,313.0,Merolagani,0.0,0,1.79,8,D,5,0,0,0,0,3,2026-09-21T16:29:31.681257Z
88,0.8,637.0,621.1,Merolagani,0.0,0,0.13,8,D,5,0,0,0,0,3,2026-09-21T16:29:31.681261Z
89,1.82,343.8,328.0,Merolagani,0.0,0,0.55,8,D,5,0,0,0,0,3,2026-09-21T16:29:31.681264Z
90,2.25,261.6,251.1,Merolagani,0.0,0,0.9,8,D,5,0,0,0,0,3,2026-09-21T16:29:31.681268Z
91,0.31,194.3,190.1,Merolagani,0.0,0,0.16,8,D,5,0,0,0,0,3,2026-09-21T16:29:31.681271Z
92,0.76,665.0,646.3,Merolagani,0.0,0,0.12,8,D,5,0,0,0,0,3,2026-09-21T16:29:31.681275Z
93,1.97,883.6,874.9,Merolagani,0.0,0,0.23,8,D,5,0,0,0,0,3,2026-09-21T16:29:31.681278Z
94,1.64,318.0,309.0,Merolagani,0.0,0,0.53,8,D,5,0,0,0,0,3,2026-09-21T16:29:31.681283Z
97,0.19,522.0,516.0,Merolagani,0.0,0,0.04,8,D,5,0,0,0,0,3,2026-09-21T16:29:31.681293Z
99,0.5,618.0,602.0,Merolagani,0.0,0,0.08,8,D,5,0,0,0,0,3,2026-09-21T16:29:31.681300Z
100,0.8,1129.0,1129.0,Merolagani,0.0,0,0.07,8,D,5,0,0,0,0,3,2026-09-21T16:29:31.681303Z
ACLBSL,,,,ShareSansar,,0,,3,D,0,0,0,0,0,3,2026-09-21T16:29:31.679998Z
ADBL,,,,ShareSansar,,0,,3,D,0,0,0,0,0,3,2026-09-21T16:29:31.680013Z
AHL,,,,ShareSansar,,0,,3,D,0,0,0,0,0,3,2026-09-21T16:29:31.680017Z
AHPC,,,,ShareSansar,,0,,3,D,0,0,0,0,0,3,2026-09-21T16:29:31.680021Z
AKJCL,,,,ShareSansar,,0,,3,D,0,0,0,0,0,3,2026-09-21T16:29:31.680025Z
AKPL,,,,ShareSansar,,0,,3,D,0,0,0,0,0,3,2026-09-21T16:29:31.680029Z
ALBSL,,,,ShareSansar,,0,,3,D,0,0,0,0,0,3,2026-09-21T16:29:31.680032Z
ALICL,,,,ShareSansar,,0,,3,D,0,0,0,0,0,3,2026-09-21T16:29:31.680041Z
ANLB,,,,ShareSansar,,0,,3,D,0,0,0,0,0,3,2026-09-21T16:29:31.680048Z
APHL,,,,ShareSansar,,0,,3,D,0,0,0,0,0,3,2026-09-21T16:29:31.680052Z
API,,,,ShareSansar,,0,,3,D,0,0,0,0,0,3,2026-09-21T16:29:31.680055Z
AVYAN,,,,ShareSansar,,0,,3,D,0,0,0,0,0,3,2026-09-21T16:29:31.680057Z
BANDIPUR,,,,ShareSansar,,0,,3,D,0,0,0,0,0,3,2026-09-21T16:29:31.680060Z
BARUN,,,,ShareSansar,,0,,3,D,0,0,0,0,0,3,2026-09-21T16:29:31.680062Z
BBC,,,,ShareSansar,,0,,3,D,0,0,0,0,0,3,2026-09-21T16:29:31.680065Z
BEDC,,,,ShareSansar,,0,,3,D,0,0,0,0,0,3,2026-09-21T16:29:31.680067Z
BFC,,,,ShareSansar,,0,,3,D,0,0,0,0,0,3,2026-09-21T16:29:31.680070Z
BGWT,,,,ShareSansar,,0,,3,D,0,0,0,0,0,3,2026-09-21T16:29:31.680073Z
BHCL,,,,ShareSansar,,0,,3,D,0,0,0,0,0,3,2026-09-21T16:29:31.680078Z
BHDC,,,,ShareSansar,,0,,3,D,0,0,0,0,0,3,2026-09-21T16:29:31.680080Z
BHL,,,,ShareSansar,,0,,3,D,0,0,0,0,0,3,2026-09-21T16:29:31.680083Z
BHPL,,,,ShareSansar,,0,,3,D,0,0,0,0,0,3,2026-09-21T16:29:31.680085Z
BJHL,,,,ShareSansar,,0,,3,D,0,0,0,0,0,3,2026-09-21T16:29:31.680088Z
BNHC,,,,ShareSansar,,0,,3,D,0,0,0,0,0,3,2026-09-21T16:29:31.680090Z
BNL,,,,ShareSansar,,0,,3,D,0,0,0,0,0,3,2026-09-21T16:29:31.680093Z
BNT,,,,ShareSansar,,0,,3,D,0,0,0,0,0,3,2026-09-21T16:29:31.680095Z
BOKD86KA,,,,ShareSansar,,0,,3,D,0,0,0,0,0,3,2026-09-21T16:29:31.680098Z
BPCL,,,,ShareSansar,,0,,3,D,0,0,0,0,0,3,2026-09-21T16:29:31.680100Z
BUNGAL,,,,ShareSansar,,0,,3,D,0,0,0,0,0,3,2026-09-21T16:29:31.680104Z
C30MF,,,,ShareSansar,,0,,3,D,0,0,0,0,0,3,2026-09-21T16:29:31.680107Z
CBBL,,,,ShareSansar,,0,,3,D,0,0,0,0,0,3,2026-09-21T16:29:31.680109Z
CFCL,,,,ShareSansar,,0,,3,D,0,0,0,0,0,3,2026-09-21T16:29:31.680112Z
CGH,,,,ShareSansar,,0,,3,D,0,0,0,0,0,3,2026-09-21T16:29:31.680114Z
CHCL,,,,ShareSansar,,0,,3,D,0,0,0,0,0,3,2026-09-21T16:29:31.680117Z
CHDC,,,,ShareSansar,,0,,3,D,0,0,0,0,0,3,2026-09-21T16:29:31.680119Z
CHL,,,,ShareSansar,,0,,3,D,0,0,0,0,0,3,2026-09-21T16:29:31.680122Z
CIT,,,,ShareSansar,,0,,3,D,0,0,0,0,0,3,2026-09-21T16:29:31.680124Z
CITY,,,,ShareSansar,,0,,3,D,0,0,0,0,0,3,2026-09-21T16:29:31.680127Z
CKHL,,,,ShareSansar,,0,,3,D,0,0,0,0,0,3,2026-09-21T16:29:31.680131Z
CLI,,,,ShareSansar,,0,,3,D,0,0,0,0,0,3,2026-09-21T16:29:31.680133Z
CORBL,,,,ShareSansar,,0,,3,D,0,0,0,0,0,3,2026-09-21T16:29:31.680136Z
CREST,,,,ShareSansar,,0,,3,D,0,0,0,0,0,3,2026-09-21T16:29:31.680139Z
CSY,,,,ShareSansar,,0,,3,D,0,0,0,0,0,3,2026-09-21T16:29:31.680142Z
CYCL,,,,ShareSansar,,0,,3,D,0,0,0,0,0,3,2026-09-21T16:29:31.680144Z
CZBIL,,,,ShareSansar,,0,,3,D,0,0,0,0,0,3,2026-09-21T16:29:31.680146Z
DDBL,,,,ShareSansar,,0,,3,D,0,0,0,0,0,3,2026-09-21T16:29:31.680149Z
DHEL,,,,ShareSansar,,0,,3,D,0,0,0,0,0,3,2026-09-21T16:29:31.680151Z
DHPL,,,,ShareSansar,,0,,3,D,0,0,0,0,0,3,2026-09-21T16:29:31.680155Z
DOLTI,,,,ShareSansar,,0,,3,D,0,0,0,0,0,3,2026-09-21T16:29:31.680162Z
DORDI,,,,ShareSansar,,0,,3,D,0,0,0,0,0,3,2026-09-21T16:29:31.680164Z
EBL,,,,ShareSansar,,0,,3,D,0,0,0,0,0,3,2026-09-21T16:29:31.680167Z
EBLD86,,,,ShareSansar,,0,,3,D,0,0,0,0,0,3,2026-09-21T16:29:31.680169Z
ECL,,,,ShareSansar,,0,,3,D,0,0,0,0,0,3,2026-09-21T16:29:31.680172Z
EDBL,,,,ShareSansar,,0,,3,D,0,0,0,0,0,3,2026-09-21T16:29:31.680174Z
EHPL,,,,ShareSansar,,0,,3,D,0,0,0,0,0,3,2026-09-21T16:29:31.680176Z
ENL,,,,ShareSansar,,0,,3,D,0,0,0,0,0,3,2026-09-21T16:29:31.680179Z
FMDBL,,,,ShareSansar,,0,,3,D,0,0,0,0,0,3,2026-09-21T16:29:31.680181Z
FOWAD,,,,ShareSansar,,0,,3,D,0,0,0,0,0,3,2026-09-21T16:29:31.680186Z
GBBL,,,,ShareSansar,,0,,3,D,0,0,0,0,0,3,2026-09-21T16:29:31.680188Z
GBBLPO,,,,ShareSansar,,0,,3,D,0,0,0,0,0,3,2026-09-21T16:29:31.680190Z
GBILD84/85,,,,ShareSansar,,0,,3,D,0,0,0,0,0,3,2026-09-21T16:29:31.680193Z
GBIME,,,,ShareSansar,,0,,3,D,0,0,0,0,0,3,2026-09-21T16:29:31.680195Z
GBIMEP,,,,ShareSansar,,0,,3,D,0,0,0,0,0,3,2026-09-21T16:29:31.680198Z
GBIMESY2,,,,ShareSansar,,0,,3,D,0,0,0,0,0,3,2026-09-21T16:29:31.680200Z
GBLBS,,,,ShareSansar,,0,,3,D,0,0,0,0,0,3,2026-09-21T16:29:31.680203Z
GCIL,,,,ShareSansar,,0,,3,D,0,0,0,0,0,3,2026-09-21T16:29:31.680205Z
GFCL,,,,ShareSansar,,0,,3,D,0,0,0,0,0,3,2026-09-21T16:29:31.680208Z
GHL,,,,ShareSansar,,0,,3,D,0,0,0,0,0,3,2026-09-21T16:29:31.680212Z
GIBF1,,,,ShareSansar,,0,,3,D,0,0,0,0,0,3,2026-09-21T16:29:31.680214Z
GILB,,,,ShareSansar,,0,,3,D,0,0,0,0,0,3,2026-09-21T16:29:31.680217Z
GLBSL,,,,ShareSansar,,0,,3,D,0,0,0,0,0,3,2026-09-21T16:29:31.680219Z
GLH,,,,ShareSansar,,0,,3,D,0,0,0,0,0,3,2026-09-21T16:29:31.680221Z
GMFBS,,,,ShareSansar,,0,,3,D,0,0,0,0,0,3,2026-09-21T16:29:31.680224Z
GMFIL,,,,ShareSansar,,0,,3,D,0,0,0,0,0,3,2026-09-21T16:29:31.680227Z
GMLI,,,,ShareSansar,,0,,3,D,0,0,0,0,0,3,2026-09-21T16:29:31.680229Z
GRDBL,,,,ShareSansar,,0,,3,D,0,0,0,0,0,3,2026-09-21T16:29:31.680231Z
GSY,,,,ShareSansar,,0,,3,D,0,0,0,0,0,3,2026-09-21T16:29:31.680234Z
GUFL,,,,ShareSansar,,0,,3,D,0,0,0,0,0,3,2026-09-21T16:29:31.680238Z
GVL,,,,ShareSansar,,0,,3,D,0,0,0,0,0,3,2026-09-21T16:29:31.680241Z
H8020,,,,ShareSansar,,0,,3,D,0,0,0,0,0,3,2026-09-21T16:29:31.680243Z
HBL,,,,ShareSansar,,0,,3,D,0,0,0,0,0,3,2026-09-21T16:29:31.680248Z
HDHPC,,,,ShareSansar,,0,,3,D,0,0,0,0,0,3,2026-09-21T16:29:31.680250Z
HDL,,,,ShareSansar,,0,,3,D,0,0,0,0,0,3,2026-09-21T16:29:31.680253Z
HEI,,,,ShareSansar,,0,,3,D,0,0,0,0,0,3,2026-09-21T16:29:31.680255Z
HEIP,,,,ShareSansar,,0,,3,D,0,0,0,0,0,3,2026-09-21T16:29:31.680257Z
HFIN,,,,ShareSansar,,0,,3,D,0,0,0,0,0,3,2026-09-21T16:29:31.680260Z
HHL,,,,ShareSansar,,0,,3,D,0,0,0,0,0,3,2026-09-21T16:29:31.680264Z
HIDCL,,,,ShareSansar,,0,,3,D,0,0,0,0,0,3,2026-09-21T16:29:31.680266Z
HIDCLP,,,,ShareSansar,,0,,3,D,0,0,0,0,0,3,2026-09-21T16:29:31.680268Z
HIMSTAR,,,,ShareSansar,,0,,3,D,0,0,0,0,0,3,2026-09-21T16:29:31.680271Z
HLBSL,,,,ShareSansar,,0,,3,D,0,0,0,0,0,3,2026-09-21T16:29:31.680273Z
HLI,,,,ShareSansar,,0,,3,D,0,0,0,0,0,3,2026-09-21T16:29:31.680276Z
HLICF,,,,ShareSansar,,0,,3,D,0,0,0,0,0,3,2026-09-21T16:29:31.680278Z
HPPL,,,,ShareSansar,,0,,3,D,0,0,0,0,0,3,2026-09-21T16:29:31.680280Z
HRL,,,,ShareSansar,,0,,3,D,0,0,0,0,0,3,2026-09-21T16:29:31.680283Z
HURJA,,,,ShareSansar,,0,,3,D,0,0,0,0,0,3,2026-09-21T16:29:31.680285Z
ICFC,,,,ShareSansar,,0,,3,D,0,0,0,0,0,3,2026-09-21T16:29:31.680291Z
ICFCD88,,,,ShareSansar,,0,,3,D,0,0,0,0,0,3,2026-09-21T16:29:31.680293Z
ICFCD89,,,,ShareSansar,,0,,3,D,0,0,0,0,0,3,2026-09-21T16:29:31.680296Z
IGI,,,,ShareSansar,,0,,3,D,0,0,0,0,0,3,2026-09-21T16:29:31.680298Z
IGIPO,,,,ShareSansar,,0,,3,D,0,0,0,0,0,3,2026-09-21T16:29:31.680301Z
IHL,,,,ShareSansar,,0,,3,D,0,0,0,0,0,3,2026-09-21T16:29:31.680303Z
ILBS,,,,ShareSansar,,0,,3,D,0,0,0,0,0,3,2026-09-21T16:29:31.680305Z
ILI,,,,ShareSansar,,0,,3,D,0,0,0,0,0,3,2026-09-21T16:29:31.680308Z
JBBL,,,,ShareSansar,,0,,3,D,0,0,0,0,0,3,2026-09-21T16:29:31.680310Z
JBLB,,,,ShareSansar,,0,,3,D,0,0,0,0,0,3,2026-09-21T16:29:31.680312Z
JFL,,,,ShareSansar,,0,,3,D,0,0,0,0,0,3,2026-09-21T16:29:31.680316Z
JHAPA,,,,ShareSansar,,0,,3,D,0,0,0,0,0,3,2026-09-21T16:29:31.680319Z
JOSHI,,,,ShareSansar,,0,,3,D,0,0,0,0,0,3,2026-09-21T16:29:31.680321Z
JSLBB,,,,ShareSansar,,0,,3,D,0,0,0,0,0,3,2026-09-21T16:29:31.680324Z
KAHL,,,,ShareSansar,,0,,3,D,0,0,0,0,0,3,2026-09-21T16:29:31.680326Z
KBL,,,,ShareSansar,,0,,3,D,0,0,0,0,0,3,2026-09-21T16:29:31.680328Z
KBSH,,,,ShareSansar,,0,,3,D,0,0,0,0,0,3,2026-09-21T16:29:31.680331Z
KDBY,,,,ShareSansar,,0,,3,D,0,0,0,0,0,3,2026-09-21T16:29:31.680333Z
KDL,,,,ShareSansar,,0,,3,D,0,0,0,0,0,3,2026-09-21T16:29:31.680335Z
KEF,,,,ShareSansar,,0,,3,D,0,0,0,0,0,3,2026-09-21T16:29:31.680338Z
KHPL,,,,ShareSansar,,0,,3,D,0,0,0,0,0,3,2026-09-21T16:29:31.680342Z
KKHC,,,,ShareSansar,,0,,3,D,0,0,0,0,0,3,2026-09-21T16:29:31.680345Z
KMCDB,,,,ShareSansar,,0,,3,D,0,0,0,0,0,3,2026-09-21T16:29:31.680347Z
KPCL,,,,ShareSansar,,0,,3,D,0,0,0,0,0,3,2026-09-21T16:29:31.680350Z
KSBBL,,,,ShareSansar,,0,,3,D,0,0,0,0,0,3,2026-09-21T16:29:31.680352Z
KSY,,,,ShareSansar,,0,,3,D,0,0,0,0,0,3,2026-09-21T16:29:31.680355Z
LBBL,,,,ShareSansar,,0,,3,D,0,0,0,0,0,3,2026-09-21T16:29:31.680357Z
LBBLD89,,,,ShareSansar,,0,,3,D,0,0,0,0,0,3,2026-09-21T16:29:31.680360Z
LBLD88,,,,ShareSansar,,0,,3,D,0,0,0,0,0,3,2026-09-21T16:29:31.680362Z
LEC,,,,ShareSansar,,0,,3,D,0,0,0,0,0,3,2026-09-21T16:29:31.680365Z
LICN,,,,ShareSansar,,0,,3,D,0,0,0,0,0,3,2026-09-21T16:29:31.680369Z
LLBS,,,,ShareSansar,,0,,3,D,0,0,0,0,0,3,2026-09-21T16:29:31.680372Z
LSH12,,,,ShareSansar,,0,,3,D,0,0,0,0,0,3,2026-09-21T16:29:31.680374Z
LSL,,,,ShareSansar,,0,,3,D,0,0,0,0,0,3,2026-09-21T16:29:31.680377Z
LUK,,,,ShareSansar,,0,,3,D,0,0,0,0,0,3,2026-09-21T16:29:31.680379Z
LVF2,,,,ShareSansar,,0,,3,D,0,0,0,0,0,3,2026-09-21T16:29:31.680381Z
MABEL,,,,ShareSansar,,0,,3,D,0,0,0,0,0,3,2026-09-21T16:29:31.680384Z
MAKAR,,,,ShareSansar,,0,,3,D,0,0,0,0,0,3,2026-09-21T16:29:31.680386Z
MANDU,,,,ShareSansar,,0,,3,D,0,0,0,0,0,3,2026-09-21T16:29:31.680388Z
MATRI,,,,ShareSansar,,0,,3,D,0,0,0,0,0,3,2026-09-21T16:29:31.680391Z
MBJC,,,,ShareSansar,,0,,3,D,0,0,0,0,0,3,2026-09-21T16:29:31.680393Z
MBL,,,,ShareSansar,,0,,3,D,0,0,0,0,0,3,2026-09-21T16:29:31.680396Z
MBLEF,,,,ShareSansar,,0,,3,D,0,0,0,0,0,3,2026-09-21T16:29:31.680398Z
MCHL,,,,ShareSansar,,0,,3,D,0,0,0,0,0,3,2026-09-21T16:29:31.680401Z
MDB,,,,ShareSansar,,0,,3,D,0,0,0,0,0,3,2026-09-21T16:29:31.680403Z
MEHL,,,,ShareSansar,,0,,3,D,0,0,0,0,0,3,2026-09-21T16:29:31.680405Z
MEL,,,,ShareSansar,,0,,3,D,0,0,0,0,0,3,2026-09-21T16:29:31.680408Z
MEN,,,,ShareSansar,,0,,3,D,0,0,0,0,0,3,2026-09-21T16:29:31.680410Z
MEPDL,,,,ShareSansar,,0,,3,D,0,0,0,0,0,3,2026-09-21T16:29:31.680412Z
MERO,,,,ShareSansar,,0,,3,D,0,0,0,0,0,3,2026-09-21T16:29:31.680415Z
MFIL,,,,ShareSansar,,0,,3,D,0,0,0,0,0,3,2026-09-21T16:29:31.680417Z
MHCL,,,,ShareSansar,,0,,3,D,0,0,0,0,0,3,2026-09-21T16:29:31.680421Z
MHL,,,,ShareSansar,,0,,3,D,0,0,0,0,0,3,2026-09-21T16:29:31.680424Z
MHNL,,,,ShareSansar,,0,,3,D,0,0,0,0,0,3,2026-09-21T16:29:31.680426Z
MKCL,,,,ShareSansar,,0,,3,D,0,0,0,0,0,3,2026-09-21T16:29:31.680428Z
MKHC,,,,ShareSansar,,0,,3,D,0,0,0,0,0,3,2026-09-21T16:29:31.680431Z
MKHL,,,,ShareSansar,,0,,3,D,0,0,0,0,0,3,2026-09-21T16:29:31.680433Z
MKJC,,,,ShareSansar,,0,,3,D,0,0,0,0,0,3,2026-09-21T16:29:31.680436Z
MLBBL,,,,ShareSansar,,0,,3,D,0,0,0,0,0,3,2026-09-21T16:29:31.680438Z
MLBL,,,,ShareSansar,,0,,3,D,0,0,0,0,0,3,2026-09-21T16:29:31.680440Z
MLBS,,,,ShareSansar,,0,,3,D,0,0,0,0,0,3,2026-09-21T16:29:31.680443Z
MLBSL,,,,ShareSansar,,0,,3,D,0,0,0,0,0,3,2026-09-21T16:29:31.680445Z
MMF1,,,,ShareSansar,,0,,3,D,0,0,0,0,0,3,2026-09-21T16:29:31.680448Z
MMKJL,,,,ShareSansar,,0,,3,D,0,0,0,0,0,3,2026-09-21T16:29:31.680450Z
MNBBL,,,,ShareSansar,,0,,3,D,0,0,0,0,0,3,2026-09-21T16:29:31.680452Z
MNMF1,,,,ShareSansar,,0,,3,D,0,0,0,0,0,3,2026-09-21T16:29:31.680455Z
MPFL,,,,ShareSansar,,0,,3,D,0,0,0,0,0,3,2026-09-21T16:29:31.680457Z
MSHL,,,,ShareSansar,,0,,3,D,0,0,0,0,0,3,2026-09-21T16:29:31.680460Z
MSLB,,,,ShareSansar,,0,,3,D,0,0,0,0,0,3,2026-09-21T16:29:31.680462Z
NABBC,,,,ShareSansar,,0,,3,D,0,0,0,0,0,3,2026-09-21T16:29:31.680464Z
NABIL,,,,ShareSansar,,0,,3,D,0,0,0,0,0,3,2026-09-21T16:29:31.680467Z
NADEP,,,,ShareSansar,,0,,3,D,0,0,0,0,0,3,2026-09-21T16:29:31.680469Z
NBF2,,,,ShareSansar,,0,,3,D,0,0,0,0,0,3,2026-09-21T16:29:31.680472Z
NBF3,,,,ShareSansar,,0,,3,D,0,0,0,0,0,3,2026-09-21T16:29:31.680474Z
NBL,,,,ShareSansar,,0,,3,D,0,0,0,0,0,3,2026-09-21T16:29:31.680477Z
NESDO,,,,ShareSansar,,0,,3,D,0,0,0,0,0,3,2026-09-21T16:29:31.680479Z
NFS,,,,ShareSansar,,0,,3,D,0,0,0,0,0,3,2026-09-21T16:29:31.680482Z
NGPL,,,,ShareSansar,,0,,3,D,0,0,0,0,0,3,2026-09-21T16:29:31.680484Z
NHDL,,,,ShareSansar,,0,,3,D,0,0,0,0,0,3,2026-09-21T16:29:31.680486Z
NHPC,,,,ShareSansar,,0,,3,D,0,0,0,0,0,3,2026-09-21T16:29:31.680489Z
NIBLGF,,,,ShareSansar,,0,,3,D,0,0,0,0,0,3,2026-09-21T16:29:31.680493Z
NIBLSTF,,,,ShareSansar,,0,,3,D,0,0,0,0,0,3,2026-09-21T16:29:31.680495Z
NIBSF2,,,,ShareSansar,,0,,3,D,0,0,0,0,0,3,2026-09-21T16:29:31.680498Z
NICA,,,,ShareSansar,,0,,3,D,0,0,0,0,0,3,2026-09-21T16:29:31.680500Z
NICAD2091,,,,ShareSansar,,0,,3,D,0,0,0,0,0,3,2026-09-21T16:29:31.680503Z
NICAD85/86,,,,ShareSansar,,0,,3,D,0,0,0,0,0,3,2026-09-21T16:29:31.680505Z
NICFC,,,,ShareSansar,,0,,3,D,0,0,0,0,0,3,2026-09-21T16:29:31.680507Z
NICGF2,,,,ShareSansar,,0,,3,D,0,0,0,0,0,3,2026-09-21T16:29:31.680510Z
NICL,,,,ShareSansar,,0,,3,D,0,0,0,0,0,3,2026-09-21T16:29:31.680512Z
NICLBSL,,,,ShareSansar,,0,,3,D,0,0,0,0,0,3,2026-09-21T16:29:31.680515Z
NICSF,,,,ShareSansar,,0,,3,D,0,0,0,0,0,3,2026-09-21T16:29:31.680519Z
NIFRA,,,,ShareSansar,,0,,3,D,0,0,0,0,0,3,2026-09-21T16:29:31.680521Z
NIFRAGED,,,,ShareSansar,,0,,3,D,0,0,0,0,0,3,2026-09-21T16:29:31.680524Z
NIL,,,,ShareSansar,,0,,3,D,0,0,0,0,0,3,2026-09-21T16:29:31.680526Z
NIMB,,,,ShareSansar,,0,,3,D,0,0,0,0,0,3,2026-09-21T16:29:31.680528Z
NIMBPO,,,,ShareSansar,,0,,3,D,0,0,0,0,0,3,2026-09-21T16:29:31.680531Z
NLG,,,,ShareSansar,,0,,3,D,0,0,0,0,0,3,2026-09-21T16:29:31.680533Z
NLIC,,,,ShareSansar,,0,,3,D,0,0,0,0,0,3,2026-09-21T16:29:31.680535Z
NLICL,,,,ShareSansar,,0,,3,D,0,0,0,0,0,3,2026-09-21T16:29:31.680538Z
NMB,,,,ShareSansar,,0,,3,D,0,0,0,0,0,3,2026-09-21T16:29:31.680540Z
NMBHF2,,,,ShareSansar,,0,,3,D,0,0,0,0,0,3,2026-09-21T16:29:31.680544Z
NMBMF,,,,ShareSansar,,0,,3,D,0,0,0,0,0,3,2026-09-21T16:29:31.680547Z
NMBUR93/94,,,,ShareSansar,,0,,3,D,0,0,0,0,0,3,2026-09-21T16:29:31.680549Z
NMFBS,,,,ShareSansar,,0,,3,D,0,0,0,0,0,3,2026-09-21T16:29:31.680552Z
NMIC,,,,ShareSansar,,0,,3,D,0,0,0,0,0,3,2026-09-21T16:29:31.680554Z
NMLBBL,,,,ShareSansar,,0,,3,D,0,0,0,0,0,3,2026-09-21T16:29:31.680556Z
NRIC,,,,ShareSansar,,0,,3,D,0,0,0,0,0,3,2026-09-21T16:29:31.680559Z
NRM,,,,ShareSansar,,0,,3,D,0,0,0,0,0,3,2026-09-21T16:29:31.680561Z
NRN,,,,ShareSansar,,0,,3,D,0,0,0,0,0,3,2026-09-21T16:29:31.680563Z
NSIF2,,,,ShareSansar,,0,,3,D,0,0,0,0,0,3,2026-09-21T16:29:31.680566Z
NSY,,,,ShareSansar,,0,,3,D,0,0,0,0,0,3,2026-09-21T16:29:31.680570Z
NTC,,,,ShareSansar,,0,,3,D,0,0,0,0,0,3,2026-09-21T16:29:31.680572Z
NUBL,,,,ShareSansar,,0,,3,D,0,0,0,0,0,3,2026-09-21T16:29:31.680575Z
NWCL,,,,ShareSansar,,0,,3,D,0,0,0,0,0,3,2026-09-21T16:29:31.680577Z
NYADI,,,,ShareSansar,,0,,3,D,0,0,0,0,0,3,2026-09-21T16:29:31.680579Z
OHL,,,,ShareSansar,,0,,3,D,0,0,0,0,0,3,2026-09-21T16:29:31.680582Z
OMPL,,,,ShareSansar,,0,,3,D,0,0,0,0,0,3,2026-09-21T16:29:31.680584Z
PBD88,,,,ShareSansar,,0,,3,D,0,0,0,0,0,3,2026-09-21T16:29:31.680587Z
PBD93,,,,ShareSansar,,0,,3,D,0,0,0,0,0,3,2026-09-21T16:29:31.680589Z
PCBL,,,,ShareSansar,,0,,3,D,0,0,0,0,0,3,2026-09-21T16:29:31.680591Z
PCIL,,,,ShareSansar,,0,,3,D,0,0,0,0,0,3,2026-09-21T16:29:31.680598Z
PFL,,,,ShareSansar,,0,,3,D,0,0,0,0,0,3,2026-09-21T16:29:31.680601Z
PHCL,,,,ShareSansar,,0,,3,D,0,0,0,0,0,3,2026-09-21T16:29:31.680603Z
PMHPL,,,,ShareSansar,,0,,3,D,0,0,0,0,0,3,2026-09-21T16:29:31.680606Z
PMLI,,,,ShareSansar,,0,,3,D,0,0,0,0,0,3,2026-09-21T16:29:31.680608Z
PPCL,,,,ShareSansar,,0,,3,D,0,0,0,0,0,3,2026-09-21T16:29:31.680610Z
PPL,,,,ShareSansar,,0,,3,D,0,0,0,0,0,3,2026-09-21T16:29:31.680613Z
PRIN,,,,ShareSansar,,0,,3,D,0,0,0,0,0,3,2026-09-21T16:29:31.680615Z
PROFL,,,,ShareSansar,,0,,3,D,0,0,0,0,0,3,2026-09-21T16:29:31.680618Z
PRSF,,,,ShareSansar,,0,,3,D,0,0,0,0,0,3,2026-09-21T16:29:31.680620Z
PRVU,,,,ShareSansar,,0,,3,D,0,0,0,0,0,3,2026-09-21T16:29:31.680624Z
PSF,,,,ShareSansar,,0,,3,D,0,0,0,0,0,3,2026-09-21T16:29:31.680627Z
PURE,,,,ShareSansar,,0,,3,D,0,0,0,0,0,3,2026-09-21T16:29:31.680629Z
RADHI,,,,ShareSansar,,0,,3,D,0,0,0,0,0,3,2026-09-21T16:29:31.680631Z
RAWA,,,,ShareSansar,,0,,3,D,0,0,0,0,0,3,2026-09-21T16:29:31.680634Z
RBBF40,,,,ShareSansar,,0,,3,D,0,0,0,0,0,3,2026-09-21T16:29:31.680636Z
RBCL,,,,ShareSansar,,0,,3,D,0,0,0,0,0,3,2026-09-21T16:29:31.680639Z
RFPL,,,,ShareSansar,,0,,3,D,0,0,0,0,0,3,2026-09-21T16:29:31.680641Z
RHGCL,,,,ShareSansar,,0,,3,D,0,0,0,0,0,3,2026-09-21T16:29:31.680643Z
RHPL,,,,ShareSansar,,0,,3,D,0,0,0,0,0,3,2026-09-21T16:29:31.680646Z
RIDI,,,,ShareSansar,,0,,3,D,0,0,0,0,0,3,2026-09-21T16:29:31.680650Z
RLEL,,,,ShareSansar,,0,,3,D,0,0,0,0,0,3,2026-09-21T16:29:31.680652Z
RLFL,,,,ShareSansar,,0,,3,D,0,0,0,0,0,3,2026-09-21T16:29:31.680655Z
RMF1,,,,ShareSansar,,0,,3,D,0,0,0,0,0,3,2026-09-21T16:29:31.680657Z
RMF2,,,,ShareSansar,,0,,3,D,0,0,0,0,0,3,2026-09-21T16:29:31.680660Z
RNLI,,,,ShareSansar,,0,,3,D,0,0,0,0,0,3,2026-09-21T16:29:31.680662Z
RSDC,,,,ShareSansar,,0,,3,D,0,0,0,0,0,3,2026-09-21T16:29:31.680664Z
RSML,,,,ShareSansar,,0,,3,D,0,0,0,0,0,3,2026-09-21T16:29:31.680666Z
RSY,,,,ShareSansar,,0,,3,D,0,0,0,0,0,3,2026-09-21T16:29:31.680669Z
RSY2,,,,ShareSansar,,0,,3,D,0,0,0,0,0,3,2026-09-21T16:29:31.680671Z
RURU,,,,ShareSansar,,0,,3,D,0,0,0,0,0,3,2026-09-21T16:29:31.680675Z
SABBL,,,,ShareSansar,,0,,3,D,0,0,0,0,0,3,2026-09-21T16:29:31.680678Z
SADBL,,,,ShareSansar,,0,,3,D,0,0,0,0,0,3,2026-09-21T16:29:31.680680Z
SAEF2,,,,ShareSansar,,0,,3,D,0,0,0,0,0,3,2026-09-21T16:29:31.680683Z
SAGAR,,,,ShareSansar,,0,,3,D,0,0,0,0,0,3,2026-09-21T16:29:31.680685Z
SAGF,,,,ShareSansar,,0,,3,D,0,0,0,0,0,3,2026-09-21T16:29:31.680688Z
SAHAS,,,,ShareSansar,,0,,3,D,0,0,0,0,0,3,2026-09-21T16:29:31.680690Z
SAIL,,,,ShareSansar,,0,,3,D,0,0,0,0,0,3,2026-09-21T16:29:31.680692Z
SALICO,,,,ShareSansar,,0,,3,D,0,0,0,0,0,3,2026-09-21T16:29:31.680695Z
SAND2085,,,,ShareSansar,,0,,3,D,0,0,0,0,0,3,2026-09-21T16:29:31.680697Z
SANIMA,,,,ShareSansar,,0,,3,D,0,0,0,0,0,3,2026-09-21T16:29:31.680701Z
SANVI,,,,ShareSansar,,0,,3,D,0,0,0,0,0,3,2026-09-21T16:29:31.680704Z
SAPDBL,,,,ShareSansar,,0,,3,D,0,0,0,0,0,3,2026-09-21T16:29:31.680706Z
SAPIL,,,,ShareSansar,,0,,3,D,0,0,0,0,0,3,2026-09-21T16:29:31.680708Z
SARBTM,,,,ShareSansar,,0,,3,D,0,0,0,0,0,3,2026-09-21T16:29:31.680711Z
SBCF,,,,ShareSansar,,0,,3,D,0,0,0,0,0,3,2026-09-21T16:29:31.680713Z
SBI,,,,ShareSansar,,0,,3,D,0,0,0,0,0,3,2026-09-21T16:29:31.680715Z
SBID89,,,,ShareSansar,,0,,3,D,0,0,0,0,0,3,2026-09-21T16:29:31.680718Z
SBL,,,,ShareSansar,,0,,3,D,0,0,0,0,0,3,2026-09-21T16:29:31.680720Z
SCB,,,,ShareSansar,,0,,3,D,0,0,0,0,0,3,2026-09-21T16:29:31.680722Z
SEF,,,,ShareSansar,,0,,3,D,0,0,0,0,0,3,2026-09-21T16:29:31.680727Z
SEF2,,,,ShareSansar,,0,,3,D,0,0,0,0,0,3,2026-09-21T16:29:31.680729Z
SFEF,,,,ShareSansar,,0,,3,D,0,0,0,0,0,3,2026-09-21T16:29:31.680732Z
SFMF,,,,ShareSansar,,0,,3,D,0,0,0,0,0,3,2026-09-21T16:29:31.680734Z
SGHC,,,,ShareSansar,,0,,3,D,0,0,0,0,0,3,2026-09-21T16:29:31.680737Z
SGHL,,,,ShareSansar,,0,,3,D,0,0,0,0,0,3,2026-09-21T16:29:31.680739Z
SGIC,,,,ShareSansar,,0,,3,D,0,0,0,0,0,3,2026-09-21T16:29:31.680741Z
SHEL,,,,ShareSansar,,0,,3,D,0,0,0,0,0,3,2026-09-21T16:29:31.680744Z
SHINE,,,,ShareSansar,,0,,3,D,0,0,0,0,0,3,2026-09-21T16:29:31.680746Z
SHINED,,,,ShareSansar,,0,,3,D,0,0,0,0,0,3,2026-09-21T16:29:31.680748Z
SHIVM,,,,ShareSansar,,0,,3,D,0,0,0,0,0,3,2026-09-21T16:29:31.680753Z
SHL,,,,ShareSansar,,0,,3,D,0,0,0,0,0,3,2026-09-21T16:29:31.680755Z
SHLB,,,,ShareSansar,,0,,3,D,0,0,0,0,0,3,2026-09-21T16:29:31.680757Z
SHPC,,,,ShareSansar,,0,,3,D,0,0,0,0,0,3,2026-09-21T16:29:31.680760Z
SICL,,,,ShareSansar,,0,,3,D,0,0,0,0,0,3,2026-09-21T16:29:31.680762Z
SIFC,,,,ShareSansar,,0,,3,D,0,0,0,0,0,3,2026-09-21T16:29:31.680764Z
SIGS2,,,,ShareSansar,,0,,3,D,0,0,0,0,0,3,2026-09-21T16:29:31.680767Z
SIGS3,,,,ShareSansar,,0,,3,D,0,0,0,0,0,3,2026-09-21T16:29:31.680769Z
SIKLES,,,,ShareSansar,,0,,3,D,0,0,0,0,0,3,2026-09-21T16:29:31.680771Z
SINDU,,,,ShareSansar,,0,,3,D,0,0,0,0,0,3,2026-09-21T16:29:31.680774Z
SIPD,,,,ShareSansar,,0,,3,D,0,0,0,0,0,3,2026-09-21T16:29:31.680778Z
SJCL,,,,ShareSansar,,0,,3,D,0,0,0,0,0,3,2026-09-21T16:29:31.680780Z
SJLIC,,,,ShareSansar,,0,,3,D,0,0,0,0,0,3,2026-09-21T16:29:31.680783Z
SKBBL,,,,ShareSansar,,0,,3,D,0,0,0,0,0,3,2026-09-21T16:29:31.680785Z
SKHEL,,,,ShareSansar,,0,,3,D,0,0,0,0,0,3,2026-09-21T16:29:31.680787Z
SKHL,,,,ShareSansar,,0,,3,D,0,0,0,0,0,3,2026-09-21T16:29:31.680790Z
SLBBL,,,,ShareSansar,,0,,3,D,0,0,0,0,0,3,2026-09-21T16:29:31.680792Z
SLBSL,,,,ShareSansar,,0,,3,D,0,0,0,0,0,3,2026-09-21T16:29:31.680795Z
SLCF,,,,ShareSansar,,0,,3,D,0,0,0,0,0,3,2026-09-21T16:29:31.680797Z
SMATA,,,,ShareSansar,,0,,3,D,0,0,0,0,0,3,2026-09-21T16:29:31.680799Z
SMB,,,,ShareSansar,,0,,3,D,0,0,0,0,0,3,2026-09-21T16:29:31.680803Z
SMFBS,,,,ShareSansar,,0,,3,D,0,0,0,0,0,3,2026-09-21T16:29:31.680806Z
SMH,,,,ShareSansar,,0,,3,D,0,0,0,0,0,3,2026-09-21T16:29:31.680808Z
SMHL,,,,ShareSansar,,0,,3,D,0,0,0,0,0,3,2026-09-21T16:29:31.680810Z
SMJC,,,,ShareSansar,,0,,3,D,0,0,0,0,0,3,2026-09-21T16:29:31.680813Z
SMPDA,,,,ShareSansar,,0,,3,D,0,0,0,0,0,3,2026-09-21T16:29:31.680815Z
SNLI,,,,ShareSansar,,0,,3,D,0,0,0,0,0,3,2026-09-21T16:29:31.680817Z
SNORL,,,,ShareSansar,,0,,3,D,0,0,0,0,0,3,2026-09-21T16:29:31.680820Z
SOHL,,,,ShareSansar,,0,,3,D,0,0,0,0,0,3,2026-09-21T16:29:31.680822Z
SONA,,,,ShareSansar,,0,,3,D,0,0,0,0,0,3,2026-09-21T16:29:31.680825Z
SOPL,,,,ShareSansar,,0,,3,D,0,0,0,0,0,3,2026-09-21T16:29:31.680829Z
SPC,,,,ShareSansar,,0,,3,D,0,0,0,0,0,3,2026-09-21T16:29:31.680831Z
SPDL,,,,ShareSansar,,0,,3,D,0,0,0,0,0,3,2026-09-21T16:29:31.680834Z
SPHL,,,,ShareSansar,,0,,3,D,0,0,0,0,0,3,2026-09-21T16:29:31.680836Z
SPIL,,,,ShareSansar,,0,,3,D,0,0,0,0,0,3,2026-09-21T16:29:31.680839Z
SPL,,,,ShareSansar,,0,,3,D,0,0,0,0,0,3,2026-09-21T16:29:31.680841Z
SRLI,,,,ShareSansar,,0,,3,D,0,0,0,0,0,3,2026-09-21T16:29:31.680843Z
SSHL,,,,ShareSansar,,0,,3,D,0,0,0,0,0,3,2026-09-21T16:29:31.680846Z
STC,,,,ShareSansar,,0,,3,D,0,0,0,0,0,3,2026-09-21T16:29:31.680848Z
SWASTIK,,,,ShareSansar,,0,,3,D,0,0,0,0,0,3,2026-09-21T16:29:31.680850Z
SWBBL,,,,ShareSansar,,0,,3,D,0,0,0,0,0,3,2026-09-21T16:29:31.680855Z
SWMF,,,,ShareSansar,,0,,3,D,0,0,0,0,0,3,2026-09-21T16:29:31.680857Z
SYPNL,,,,ShareSansar,,0,,3,D,0,0,0,0,0,3,2026-09-21T16:29:31.680859Z
TAMOR,,,,ShareSansar,,0,,3,D,0,0,0,0,0,3,2026-09-21T16:29:31.680862Z
TPC,,,,ShareSansar,,0,,3,D,0,0,0,0,0,3,2026-09-21T16:29:31.680864Z
TPKHL,,,,ShareSansar,,0,,3,D,0,0,0,0,0,3,2026-09-21T16:29:31.680866Z
TRH,,,,ShareSansar,,0,,3,D,0,0,0,0,0,3,2026-09-21T16:29:31.680869Z
TSHL,,,,ShareSansar,,0,,3,D,0,0,0,0,0,3,2026-09-21T16:29:31.680871Z
TTL,,,,ShareSansar,,0,,3,D,0,0,0,0,0,3,2026-09-21T16:29:31.680874Z
TVCL,,,,ShareSansar,,0,,3,D,0,0,0,0,0,3,2026-09-21T16:29:31.680876Z
UAIL,,,,ShareSansar,,0,,3,D,0,0,0,0,0,3,2026-09-21T16:29:31.680880Z
UHEWA,,,,ShareSansar,,0,,3,D,0,0,0,0,0,3,2026-09-21T16:29:31.680883Z
ULBSL,,,,ShareSansar,,0,,3,D,0,0,0,0,0,3,2026-09-21T16:29:31.680885Z
ULHC,,,,ShareSansar,,0,,3,D,0,0,0,0,0,3,2026-09-21T16:29:31.680887Z
UMHL,,,,ShareSansar,,0,,3,D,0,0,0,0,0,3,2026-09-21T16:29:31.680890Z
UMRH,,,,ShareSansar,,0,,3,D,0,0,0,0,0,3,2026-09-21T16:29:31.680892Z
UNHPL,,,,ShareSansar,,0,,3,D,0,0,0,0,0,3,2026-09-21T16:29:31.680894Z
UNL,,,,ShareSansar,,0,,3,D,0,0,0,0,0,3,2026-09-21T16:29:31.680897Z
UNLB,,,,ShareSansar,,0,,3,D,0,0,0,0,0,3,2026-09-21T16:29:31.680899Z
UPCL,,,,ShareSansar,,0,,3,D,0,0,0,0,0,3,2026-09-21T16:29:31.680901Z
UPPER,,,,ShareSansar,,0,,3,D,0,0,0,0,0,3,2026-09-21T16:29:31.680906Z
USHEC,,,,ShareSansar,,0,,3,D,0,0,0,0,0,3,2026-09-21T16:29:31.680908Z
USHL,,,,ShareSansar,,0,,3,D,0,0,0,0,0,3,2026-09-21T16:29:31.680911Z
USLB,,,,ShareSansar,,0,,3,D,0,0,0,0,0,3,2026-09-21T16:29:31.680913Z
VLBS,,,,ShareSansar,,0,,3,D,0,0,0,0,0,3,2026-09-21T16:29:31.680915Z
VLUCL,,,,ShareSansar,,0,,3,D,0,0,0,0,0,3,2026-09-21T16:29:31.680918Z
YMHL,,,,ShareSansar,,0,,3,D,0,0,0,0,0,3,2026-09-21T16:29:31.680920Z
7,-2.06,1245.0,1155.0,Merolagani,0.0,0,,3,D,0,0,0,0,0,3,2026-09-21T16:29:31.680975Z
9,-0.6,5100.0,4901.0,Merolagani,0.0,0,,3,D,0,0,0,0,0,3,2026-09-21T16:29:31.680982Z
10,-1.23,695.0,682.0,Merolagani,0.0,0,,3,D,0,0,0,0,0,3,2026-09-21T16:29:31.680986Z
13,-0.61,690.0,651.0,Merolagani,0.0,0,,3,D,0,0,0,0,0,3,2026-09-21T16:29:31.680996Z
17,-0.02,468.9,461.0,Merolagani,0.0,0,,3,D,0,0,0,0,0,3,2026-09-21T16:29:31.681012Z
18,-2.24,504.0,480.0,Merolagani,0.0,0,,3,D,0,0,0,0,0,3,2026-09-21T16:29:31.681015Z
19,-0.58,565.0,540.1,Merolagani,0.0,0,,3,D,0,0,0,0,0,3,2026-09-21T16:29:31.681018Z
36,-0.63,269.8,265.0,Merolagani,0.0,0,,3,D,0,0,0,0,0,3,2026-09-21T16:29:31.681078Z
39,-0.17,612.8,580.0,Merolagani,0.0,0,,3,D,0,0,0,0,0,3,2026-09-21T16:29:31.681088Z
41,-1.19,836.0,820.0,Merolagani,0.0,0,,3,D,0,0,0,0,0,3,2026-09-21T16:29:31.681094Z
49,-5.13,1310.0,1077.0,Merolagani,0.0,0,,3,D,0,0,0,0,0,3,2026-09-21T16:29:31.681121Z
54,-0.15,1360.0,1330.1,Merolagani,0.0,0,,3,D,0,0,0,0,0,3,2026-09-21T16:29:31.681139Z
57,0.0,557.8,541.0,Merolagani,0.0,0,,3,D,0,0,0,0,0,3,2026-09-21T16:29:31.681149Z
61,-2.98,230.9,230.9,Merolagani,0.0,0,,3,D,0,0,0,0,0,3,2026-09-21T16:29:31.681165Z
62,-0.78,1126.0,1126.0,Merolagani,0.0,0,,3,D,0,0,0,0,0,3,2026-09-21T16:29:31.681170Z
64,0.0,100.0,100.0,Merolagani,0.0,0,,3,D,0,0,0,0,0,3,2026-09-21T16:29:31.681177Z
67,-0.71,383.9,376.2,Merolagani,0.0,0,,3,D,0,0,0,0,0,3,2026-09-21T16:29:31.681187Z
69,-1.34,251.0,238.0,Merolagani,0.0,0,,3,D,0,0,0,0,0,3,2026-09-21T16:29:31.681193Z
82,-15.0,558.6,499.8,Merolagani,0.0,0,,3,D,0,0,0,0,0,3,2026-09-21T16:29:31.681239Z
84,-1.65,227.0,220.0,Merolagani,0.0,0,,3,D,0,0,0,0,0,3,2026-09-21T16:29:31.681247Z
96,0.0,395.0,381.0,Merolagani,0.0,0,,3,D,0,0,0,0,0,3,2026-09-21T16:29:31.681290Z
98,-1.09,269.8,261.0,Merolagani,0.0,0,,3,D,0,0,0,0,0,3,2026-09-21T16:29:31.681296Z
DLBS,,,,ShareSansar,,0,,0,D,0,0,0,0,0,0,2026-09-21T16:29:31.680159Z
HATHY,,,,ShareSansar,,0,,0,D,0,0,0,0,0,0,2026-09-21T16:29:31.680245Z
